2765,2,3,4,5,6,7,8,9,10,11,12,13,14,15,16,17,18,19,20,21,22,23,24,25,26,27,28,29,30,31,32,33,34,35,36,37,38,39,40,41,42,43,44,45,46,47,48,49,50,51,52,-1610610000,-1610610057,-1610610114,-1610610171,-1610610228,-1610610285,-1610610342,-1610610399,-1610610456,-1610610513,-1610610570,-1610610627,-1610610684,-1610610741,-1610610798,-1610610855,-1610610912,-1610610969,-1610611026,-1610611083,-1610611140,-1610611197,-1610611254,-1610611311,-1610611368,-1610611425,-1610611482,-1610611539,-1610611596,-1610611653,-1610611710,-1610611767,-1610611824,-1610611881,-1610611938,-1610611995,-1610612052,-1610612109,-1610612166,-1610612223,-1610612280,-1610612337,-1610612394,-1610612451,-1610612508,-1610612565,-1610612622,-1610612679,-1610612736
58,2765,60,61,62,63,64,65,66,67,68,69,70,71,72,73,74,75,76,77,78,79,80,81,82,83,84,85,86,87,88,89,90,91,92,93,94,95,96,97,98,99,100,101,102,103,104,105,106,107,108,109,-1610609999,-1610610056,-1610610113,-1610610170,-1610610227,-1610610284,-1610610341,-1610610398,-1610610455,-1610610512,-1610610569,-1610610626,-1610610683,-1610610740,-1610610797,-1610610854,-1610610911,-1610610968,-1610611025,-1610611082,-1610611139,-1610611196,-1610611253,-1610611310,-1610611367,-1610611424,-1610611481,-1610611538,-1610611595,-1610611652,-1610611709,-1610611766,-1610611823,-1610611880,-1610611937,-1610611994,-1610612051,-1610612108,-1610612165,-1610612222,-1610612279,-1610612336,-1610612393,-1610612450,-1610612507,-1610612564,-1610612621,-1610612678,-1610612735
115,116,117,118,119,120,121,122,123,124,125,126,127,128,129,130,131,132,133,134,135,136,137,138,139,140,141,142,143,144,145,146,147,148,149,150,151,152,153,154,155,156,157,158,159,160,161,162,163,164,165,166,-1610609998,-1610610055,-1610610112,-1610610169,-1610610226,-1610610283,-1610610340,-1610610397,-1610610454,-1610610511,-1610610568,-1610610625,-1610610682,-1610610739,-1610610796,-1610610853,-1610610910,-1610610967,-1610611024,-1610611081,-1610611138,-1610611195,-1610611252,-1610611309,-1610611366,-1610611423,-1610611480,-1610611537,-1610611594,-1610611651,-1610611708,-1610611765,-1610611822,-1610611879,-1610611936,-1610611993,-1610612050,-1610612107,-1610612164,-1610612221,-1610612278,-1610612335,-1610612392,-1610612449,-1610612506,-1610612563,-1610612620,-1610612677,-1610612734
172,173,174,175,176,177,178,179,180,181,182,183,184,185,186,187,188,189,190,191,192,193,194,195,196,197,198,199,200,201,202,203,204,205,206,207,208,209,210,211,212,213,214,215,216,217,218,219,220,221,222,223,-1610609997,-1610610054,-1610610111,-1610610168,-1610610225,-1610610282,-1610610339,-1610610396,-1610610453,-1610610510,-1610610567,-1610610624,-1610610681,-1610610738,-1610610795,-1610610852,-1610610909,-1610610966,-1610611023,-1610611080,-1610611137,-1610611194,-1610611251,-1610611308,-1610611365,-1610611422,-1610611479,-1610611536,-1610611593,-1610611650,-1610611707,-1610611764,-1610611821,-1610611878,-1610611935,-1610611992,-1610612049,-1610612106,-1610612163,-1610612220,-1610612277,-1610612334,-1610612391,-1610612448,-1610612505,-1610612562,-1610612619,-1610612676,-1610612733
229,230,231,232,233,234,235,236,237,238,239,240,241,242,243,244,245,246,247,248,249,250,251,252,253,254,255,256,257,258,259,260,261,262,263,264,265,266,267,268,269,270,271,272,273,274,275,276,277,278,279,280,-1610609996,-1610610053,-1610610110,-1610610167,-1610610224,-1610610281,-1610610338,-1610610395,-1610610452,-1610610509,-1610610566,-1610610623,-1610610680,-1610610737,-1610610794,-1610610851,-1610610908,-1610610965,-1610611022,-1610611079,-1610611136,-1610611193,-1610611250,-1610611307,-1610611364,-1610611421,-1610611478,-1610611535,-1610611592,-1610611649,-1610611706,-1610611763,-1610611820,-1610611877,-1610611934,-1610611991,-1610612048,-1610612105,-1610612162,-1610612219,-1610612276,-1610612333,-1610612390,-1610612447,-1610612504,-1610612561,-1610612618,-1610612675,-1610612732
286,287,288,289,290,291,292,293,294,295,296,297,298,299,300,301,302,303,304,305,306,307,308,309,310,311,312,313,314,315,316,317,318,319,320,321,322,323,324,325,326,327,328,329,330,331,332,333,334,335,336,337,-1610609995,-1610610052,-1610610109,-1610610166,-1610610223,-1610610280,-1610610337,-1610610394,-1610610451,-1610610508,-1610610565,-1610610622,-1610610679,-1610610736,-1610610793,-1610610850,-1610610907,-1610610964,-1610611021,-1610611078,-1610611135,-1610611192,-1610611249,-1610611306,-1610611363,-1610611420,-1610611477,-1610611534,-1610611591,-1610611648,-1610611705,-1610611762,-1610611819,-1610611876,-1610611933,-1610611990,-1610612047,-1610612104,-1610612161,-1610612218,-1610612275,-1610612332,-1610612389,-1610612446,-1610612503,-1610612560,-1610612617,-1610612674,-1610612731
343,344,345,346,347,348,349,350,351,352,353,354,355,356,357,358,359,360,361,362,363,364,365,366,367,368,369,370,371,372,373,374,375,376,377,378,379,380,381,382,383,384,385,386,387,388,389,2466,391,392,393,394,-1610609994,-1610610051,-1610610108,-1610610165,-1610610222,-1610610279,-1610610336,-1610610393,-1610610450,-1610610507,-1610610564,-1610610621,-1610610678,-1610610735,-1610610792,-1610610849,-1610610906,-1610610963,-1610611020,-1610611077,-1610611134,-1610611191,-1610611248,-1610611305,-1610611362,-1610611419,-1610611476,-1610611533,-1610611590,-1610611647,-1610611704,-1610611761,-1610611818,-1610611875,-1610611932,-1610611989,-1610612046,-1610612103,-1610612160,-1610612217,-1610612274,-1610612331,-1610612388,-1610612445,-1610612502,-1610612559,-1610612616,-1610612673,-1610612730
400,401,402,403,404,405,406,407,408,409,410,411,412,413,414,415,416,417,418,419,420,421,422,423,424,425,426,427,428,429,430,431,432,433,434,435,436,437,438,439,440,441,442,443,444,445,446,447,448,449,450,451,-1610609993,-1610610050,-1610610107,-1610610164,-1610610221,-1610610278,-1610610335,-1610610392,-1610610449,-1610610506,-1610610563,-1610610620,-1610610677,-1610610734,-1610610791,-1610610848,-1610610905,-1610610962,-1610611019,-1610611076,-1610611133,-1610611190,-1610611247,-1610611304,-1610611361,-1610611418,-1610611475,-1610611532,-1610611589,-1610611646,-1610611703,-1610611760,-1610611817,-1610611874,-1610611931,-1610611988,-1610612045,-1610612102,-1610612159,-1610612216,-1610612273,-1610612330,-1610612387,-1610612444,-1610612501,-1610612558,-1610612615,-1610612672,-1610612729
457,458,459,460,461,462,463,464,465,466,467,468,469,470,471,472,473,474,475,476,477,478,479,480,481,482,483,484,485,486,487,488,489,490,491,492,493,494,495,496,497,498,499,500,501,502,503,504,505,506,507,508,-1610609992,-1610610049,-1610610106,-1610610163,-1610610220,-1610610277,-1610610334,-1610610391,-1610610448,-1610610505,-1610610562,-1610610619,-1610610676,-1610610733,-1610610790,-1610610847,-1610610904,-1610610961,-1610611018,-1610611075,-1610611132,-1610611189,-1610611246,-1610611303,839,1556,897,-1610611531,-1610611588,-1610611645,-1610611702,-1610611759,-1610611816,-1610611873,-1610611930,-1610611987,-1610612044,-1610612101,-1610612158,-1610612215,-1610612272,-1610612329,-1610612386,-1610612443,-1610612500,-1610612557,-1610612614,-1610612671,-1610612728
514,515,516,517,518,519,520,521,522,523,524,525,526,527,528,529,530,531,532,533,534,535,536,537,538,539,540,541,542,543,544,545,546,547,548,549,550,551,552,553,554,555,556,557,558,559,560,561,562,563,564,565,-1610609991,-1610610048,-1610610105,-1610610162,-1610610219,-1610610276,-1610610333,-1610610390,-1610610447,-1610610504,-1610610561,-1610610618,-1610610675,-1610610732,-1610610789,-1610610846,-1610610903,-1610610960,-1610611017,-1610611074,-1610611131,-1610611188,1611,1491,834,1212,1007,1210,-1610611587,-1610611644,-1610611701,-1610611758,-1610611815,-1610611872,-1610611929,-1610611986,-1610612043,-1610612100,-1610612157,-1610612214,-1610612271,-1610612328,1447,-1610612442,-1610612499,-1610612556,-1610612613,-1610612670,-1610612727
571,572,573,574,575,576,577,578,579,580,581,582,583,584,585,586,587,588,589,590,591,592,593,594,595,596,597,598,599,600,601,602,603,604,605,606,607,608,609,610,611,612,613,614,615,616,617,618,619,620,621,622,-1610609990,-1610610047,-1610610104,-1610610161,-1610610218,-1610610275,-1610610332,-1610610389,-1610610446,-1610610503,-1610610560,-1610610617,-1610610674,-1610610731,-1610610788,-1610610845,1180,1068,1493,1071,947,1327,1182,-1610611301,1269,-1610611415,1554,840,-1610611586,-1610611643,-1610611700,-1610611757,-1610611814,-1610611871,-1610611928,-1610611985,-1610612042,-1610612099,-1610612156,-1610612213,-1610612270,-1610612327,834,-1610612441,-1610612498,-1610612555,-1610612612,-1610612669,-1610612726
628,629,630,631,632,633,634,635,636,637,638,639,640,641,642,643,644,645,646,647,648,649,650,651,652,653,654,655,656,657,658,659,660,661,662,663,664,665,666,667,668,669,670,671,672,673,674,675,676,677,678,679,-1610609989,-1610610046,-1610610103,-1610610160,-1610610217,-1610610274,-1610610331,-1610610388,-1610610445,-1610610502,-1610610559,-1610610616,-1610610673,-1610610730,-1610610787,1072,1118,1010,-1610611015,-1610611072,-1610611129,-1610611186,-1610611243,1612,1499,1608,1323,893,949,1014,1265,1553,-1610611813,-1610611870,-1610611927,-1610611984,-1610612041,-1610612098,-1610612155,-1610612212,-1610612269,-1610612326,1213,-1610612440,-1610612497,-1610612554,-1610612611,-1610612668,-1610612725
685,686,687,688,689,690,691,692,693,694,695,696,697,698,699,700,701,702,703,704,705,706,707,708,709,710,711,712,713,714,715,716,717,718,719,720,721,722,723,724,725,726,727,728,729,730,731,732,733,734,735,736,-1610609988,-1610610045,-1610610102,-1610610159,-1610610216,-1610610273,-1610610330,-1610610387,-1610610444,-1610610501,-1610610558,-1610610615,-1610610672,-1610610729,-1610610786,-1610610843,-1610610900,1553,1181,-1610611071,-1610611128,-1610611185,-1610611242,-1610611299,1009,1070,776,-1610611527,1205,1611,-1610611698,-1610611755,-1610611812,-1610611869,-1610611926,-1610611983,-1610612040,-1610612097,-1610612154,-1610612211,-1610612268,1066,1211,-1610612439,-1610612496,-1610612553,-1610612610,-1610612667,-1610612724
742,743,744,745,746,747,748,749,750,751,752,753,754,755,756,757,758,759,760,761,762,763,764,765,766,767,768,769,770,771,772,773,774,775,776,777,778,779,780,781,782,783,784,785,786,787,788,789,790,791,792,793,-1610609987,-1610610044,-1610610101,-1610610158,-1610610215,-1610610272,-1610610329,-1610610386,-1610610443,-1610610500,-1610610557,-1610610614,-1610610671,-1610610728,-1610610785,-1610610842,-1610610899,1178,1440,895,-1610611127,-1610611184,-1610611241,893,833,1497,-1610611469,-1610611526,-1610611583,1377,-1610611697,-1610611754,839,836,1435,-1610611982,-1610612039,-1610612096,-1610612153,526,-1610612267,1551,-1610612381,-1610612438,-1610612495,-1610612552,-1610612609,-1610612666,-1610612723
799,800,801,802,803,804,805,806,807,808,809,810,811,812,813,814,815,816,817,818,819,820,821,822,823,824,825,826,827,828,829,830,831,832,833,834,835,836,837,838,839,840,841,842,843,844,845,846,847,848,849,850,-1610609986,-1610610043,-1610610100,-1610610157,-1610610214,-1610610271,-1610610328,-1610610385,-1610610442,-1610610499,-1610610556,-1610610613,-1610610670,-1610610727,-1610610784,1439,1491,1379,1210,-1610611069,-1610611126,-1610611183,1611,833,1323,-1610611411,-1610611468,-1610611525,1376,1233,1442,1010,1492,1127,1065,1127,1127,-1073741124,699,-1073741126,-1073741127,-1073741128,587,-1610612261,-1610612318,-1610612375,-1610612432,-1073741134,-1073741135
856,857,858,859,860,861,862,863,864,865,866,867,868,869,870,871,872,873,874,875,876,877,878,879,880,881,882,883,884,885,886,887,888,889,890,891,892,893,894,895,896,897,898,899,900,901,902,903,904,905,906,907,-1610609985,-1610610042,-1610610099,-1610610156,-1610610213,-1610610270,-1610610327,-1610610384,-1610610441,-1610610498,-1610610555,-1610610612,-1610610669,-1610610726,953,1551,1065,1326,896,895,1447,1612,1179,1553,839,-1610611410,-1610611467,-1610611524,-1610611581,892,-1610611695,1121,1324,1070,1270,1127,1127,-1073741181,-1073741182,-1073741183,-1073741184,-1073741185,-1073741186,-1073741187,-1073741188,-1073741189,-1073741190,-1073741191,-1073741192
913,914,915,916,917,918,919,920,921,922,923,924,925,926,927,928,929,930,931,932,933,934,935,936,937,938,939,940,941,942,943,944,945,946,947,948,949,950,951,952,953,954,955,956,957,958,959,960,961,962,963,964,-1610609984,-1610610041,-1610610098,-1610610155,-1610610212,-1610610269,-1610610326,1070,1608,1608,895,-1610610611,-1610610668,-1610610725,1268,1262,-1610610896,-1610610953,-1610611010,-1610611067,-1610611124,825,1123,1555,1498,1206,833,1440,-1610611580,834,1553,1267,1207,1066,1127,1127,1127,1127,-1073741239,-1073741240,-1073741241,-1073741242,-1073741243,-1073741244,-1073741245,-1073741246,-1073741247,-1073741248,-1073741249
970,971,972,973,974,975,976,977,978,979,980,981,982,983,984,985,986,987,988,989,990,991,992,993,994,995,996,997,998,999,1000,1001,1002,1003,1004,1005,1006,1007,1008,1009,1010,1011,1012,1013,1014,1015,1016,1017,1018,1019,1020,1021,-1610609983,-1610610040,-1610610097,-1610610154,-1610610211,-1610610268,-1610610325,1433,-1610610439,-1610610496,1207,1493,1447,-1610610724,-1610610781,-1610610838,-1610610895,-1610610952,1210,1010,1210,-1610611180,-1610611237,1123,1062,952,1492,1440,1010,1176,1063,841,-1610611807,1325,1127,1127,-1073741294,526,-1073741296,-1073741297,526,-1073741299,-1073741300,-1073741301,-1073741302,-1073741303,-1073741304,-1073741305,-1073741306
1027,1028,1029,1030,1031,1032,1033,1034,1035,1036,1037,1038,1039,1040,1041,1042,1043,1044,1045,1046,1047,1048,1049,1050,1051,1052,1053,1054,1055,1056,1057,1058,1059,1060,1061,1062,1063,1064,1065,1066,1067,1068,1069,1070,1071,1072,1073,1074,1075,1076,1077,1078,-1610609982,-1610610039,-1610610096,-1610610153,-1610610210,-1610610267,-1610610324,1263,-1610610438,-1610610495,-1610610552,-1610610609,838,825,1552,1125,837,-1610610951,-1610611008,-1610611065,-1610611122,-1610611179,-1610611236,-1610611293,-1610611350,-1610611407,954,954,1377,-1610611635,1269,1065,838,897,1127,526,-1073741351,-1073741352,-1073741353,-1073741354,-1073741355,-1073741356,-1073741357,-1073741358,-1073741359,-1073741360,-1073741361,-1073741362,-1073741363
1084,1085,1086,1087,1088,1089,1090,1091,1092,1093,1094,1095,1096,1097,1098,1099,1100,1101,1102,1103,1104,1105,1106,1107,1108,1109,1110,1111,1112,1113,1114,1115,1116,1117,1118,1119,1120,1121,1122,1123,1124,1125,1126,1127,1128,1129,1130,1131,1132,1133,1134,1135,-1610609981,-1610610038,-1610610095,-1610610152,-1610610209,-1610610266,-1610610323,952,-1610610437,-1610610494,-1610610551,-1610610608,-1610610665,-1610610722,-1610610779,1606,1267,-1610610950,-1610611007,-1610611064,-1610611121,-1610611178,-1610611235,-1610611292,-1610611349,-1610611406,-1610611463,-1610611520,-1610611577,-1610611634,-1610611691,825,1006,1554,1127,-1073741407,-1073741408,-1073741409,-1073741410,-1073741411,-1073741412,-1073741413,-1073741414,1004,-1073741416,-1073741417,-1073741418,-1073741419,-1073741420
1141,1142,1143,1144,1145,1146,1147,1148,1149,1150,1151,1152,1153,1154,1155,1156,1157,1158,1159,1160,1161,1162,1163,1164,1165,1166,1167,1168,1169,1170,1171,1172,1173,1174,1175,1176,1177,1178,1179,1180,1181,1182,1183,1184,1185,1186,1187,1188,1189,1190,1191,1192,-1610609980,-1610610037,-1610610094,-1610610151,-1610610208,-1610610265,838,1320,838,-1610610493,1440,1122,1390,1062,1213,1547,-1610610892,-1610610949,-1610611006,-1610611063,-1610611120,-1610611177,-1610611234,-1610611291,-1610611348,-1610611405,-1610611462,-1610611519,-1610611576,-1610611633,-1610611690,-1610611747,1061,1263,1439,-1073741464,-1073741465,-1073741466,-1073741467,-1073741468,-1073741469,-1073741470,1563,898,-1073741473,-1073741474,-1073741475,-1073741476,-1073741477
1198,1199,1200,1201,1202,1203,1204,1205,1206,1207,1208,1209,1210,1211,1212,1213,1214,1215,1216,1217,1218,1219,1220,1221,1222,1223,1224,1225,1226,1227,1228,1229,1230,1231,1232,1233,1234,1235,1236,1237,1238,1239,1240,1241,1242,1243,1244,1245,1246,1247,1248,1249,-1610609979,-1610610036,-1610610093,-1610610150,-1610610207,-1610610264,776,838,1379,-1610610492,-1610610549,-1610610606,-1610610663,-1610610720,-1610610777,-1610610834,-1610610891,-1610610948,-1610611005,-1610611062,-1610611119,-1610611176,-1610611233,-1610611290,-1610611347,-1610611404,-1610611461,-1610611518,-1610611575,-1610611632,-1610611689,-1610611746,1497,1213,1563,1807,-1073741522,-1073741523,-1073741524,1549,1118,1555,1321,-1073741529,-1073741530,-1073741531,-1073741532,-1073741533,-1073741534
1255,1256,1257,1258,1259,1260,1261,1262,1263,1264,1265,1266,1267,1268,1269,1270,1271,1272,1273,1274,1275,1276,1277,1278,1279,1280,1281,1282,1283,1284,1285,1286,1287,1288,1289,1290,1291,1292,1293,1294,1295,1296,1297,1298,1299,1300,1301,1302,1303,1304,1305,1306,-1610609978,-1610610035,-1610610092,-1610610149,-1610610206,-1610610263,-1610610320,836,839,-1610610491,-1610610548,-1610610605,-1610610662,-1610610719,-1610610776,-1610610833,-1610610890,-1610610947,-1610611004,-1610611061,-1610611118,-1610611175,-1610611232,-1610611289,-1610611346,-1610611403,-1610611460,-1610611517,-1610611574,-1610611631,-1610611688,-1610611745,1008,1807,1212,1211,1434,1327,1065,835,-1073741583,-1073741584,-1073741585,-1073741586,-1073741587,-1073741588,-1073741589,-1073741590,-1073741591
1312,1313,1314,1315,1316,1317,1318,1319,1320,1321,1322,1323,1324,1325,1326,1327,1328,1329,1330,1331,1332,1333,1334,1335,1336,1337,1338,1339,1340,1341,1342,1343,1344,1345,1346,1347,1348,1349,1350,1351,1352,1353,1354,1355,1356,1357,1358,1359,1360,1361,1362,1363,-1610609977,-1610610034,-1610610091,-1610610148,-1610610205,-1610610262,-1610610319,947,1609,1325,-1610610547,-1610610604,-1610610661,-1610610718,-1610610775,-1610610832,-1610610889,-1610610946,-1610611003,-1610611060,-1610611117,-1610611174,-1610611231,-1610611288,-1610611345,-1610611402,-1610611459,-1610611516,-1610611573,-1610611630,-1610611687,-1610611744,1438,1556,1118,1213,1809,1809,1809,-1073741639,-1073741640,-1073741641,-1073741642,-1073741643,-1073741644,-1073741645,-1073741646,-1073741647,-1073741648
1369,1370,1371,1372,1373,1374,1375,1376,1377,1378,1379,1380,1381,1382,1383,1384,1385,1386,1387,1388,1389,1390,1391,1392,1393,1394,1395,1396,1397,1398,1399,1400,1401,1402,1403,1404,1405,1406,1407,1408,1409,1410,1411,1412,1413,1414,1415,1416,1417,1418,1419,1420,-1610609976,-1610610033,-1610610090,-1610610147,-1610610204,-1610610261,-1610610318,-1610610375,950,1323,-1610610546,-1610610603,-1610610660,-1610610717,-1610610774,-1610610831,-1610610888,-1610610945,-1610611002,-1610611059,-1610611116,-1610611173,-1610611230,-1610611287,-1610611344,-1610611401,-1610611458,-1610611515,-1610611572,-1610611629,-1610611686,-1610611743,-1610611800,1265,1179,1321,1809,1809,1809,1811,1812,-1073741698,-1073741699,-1073741700,-1073741701,-1073741702,-1073741703,-1073741704,-1073741705
1426,1427,1428,1429,1430,1431,1432,1433,1434,1435,1436,1437,1438,1439,1440,1441,1442,1443,1444,1445,1446,1447,1448,1449,1450,1451,1452,1453,1454,1455,1456,1457,1458,1459,1460,1461,1462,1463,1464,1465,1466,1467,1468,1469,1470,1471,1472,1473,1474,1475,1476,1477,-1610609975,-1610610032,-1610610089,-1610610146,-1610610203,-1610610260,-1610610317,-1610610374,-1610610431,1327,-1610610545,-1610610602,-1610610659,-1610610716,1382,950,835,1072,-1610611001,-1610611058,-1610611115,-1610611172,-1610611229,-1610611286,-1610611343,-1610611400,-1610611457,-1610611514,-1610611571,-1610611628,-1610611685,-1610611742,-1610611799,1809,1175,1323,1809,1809,1867,1868,-1073741754,-1073741755,-1073741756,-1073741757,-1073741758,-1073741759,-1073741760,-1073741761,-1073741762
1483,1484,1485,1486,1487,1488,1489,1490,1491,1492,1493,1494,1495,1496,1497,1498,1499,1500,1501,1502,1503,1504,1505,1506,1507,1508,1509,1510,1511,1512,1513,1514,1515,1516,1517,1518,1519,1520,1521,1522,1523,1524,1525,1526,1527,1528,1529,1530,1531,1532,1533,1534,-1610609974,-1610610031,-1610610088,-1610610145,-1610610202,-1610610259,-1610610316,-1610610373,-1610610430,952,1271,-1610610601,-1610610658,834,1495,-1610610829,-1610610886,1378,1495,-1610611057,-1610611114,-1610611171,-1610611228,-1610611285,-1610611342,-1610611399,-1610611456,-1610611513,-1610611570,-1610611627,-1610611684,-1610611741,-1610611798,-1610611855,-1610611912,1214,1809,1923,1924,-1073739938,-1073739939,-1073739940,-1073739941,2449,2450,2220,2221,2222,-1610612710
1540,1541,1542,1543,1544,1545,1546,1547,1548,1549,1550,1551,1552,1553,1554,1555,1556,1557,1558,1559,1560,1561,1562,1563,1564,1565,1566,1567,1568,1569,1570,1571,1572,1573,1574,1575,1576,1577,1578,1579,1580,1581,1582,1583,1584,1585,1586,1587,1588,1589,1590,1591,-1610609973,-1610610030,-1610610087,-1610610144,-1610610201,-1610610258,-1610610315,-1610610372,-1610610429,-1610610486,1327,890,840,1121,1322,-1610610828,1492,839,-1610610999,-1610611056,-1610611113,-1610611170,-1610611227,-1610611284,-1610611341,-1610611398,-1610611455,-1610611512,-1610611569,-1610611626,-1610611683,-1610611740,-1610611797,-1610611854,-1610611911,-1073739991,-1073739992,-1073739993,-1073739994,-1073739995,-1073739996,-1073739997,-1073739998,2506,2507,2220,2221,2222,-1610612709
1597,1598,1599,1600,1601,1602,1603,1604,1605,1606,1607,1608,1609,1610,1611,1612,1613,1614,1615,1616,1617,1618,1619,1620,1621,1622,1623,1624,1625,1626,1627,1628,1629,1630,1631,1632,1633,1634,1635,1636,1637,1638,1639,1640,1641,1642,1643,1644,1645,1646,1647,1648,-1610609972,-1610610029,-1610610086,-1610610143,-1610610200,-1610610257,-1610610314,-1610610371,-1610610428,-1610610485,-1610610542,-1610610599,-1610610656,948,1492,836,1605,-1610610941,-1610610998,-1610611055,-1610611112,-1610611169,-1610611226,-1610611283,-1610611340,-1610611397,-1610611454,-1610611511,-1610611568,-1610611625,-1610611682,-1610611739,-1610611796,-1610611853,-1610611910,-1073740048,-1073740049,-1073740050,-1073740051,-1073740052,-1073740053,-1073740054,-1073740055,2563,2564,2220,2221,2222,-1610612708
1654,1655,1656,1657,1658,1659,1660,1661,1662,1663,1664,1665,1666,1667,1668,1669,1670,1671,1672,1673,1674,1675,1676,1677,1678,1679,1680,1681,1682,1683,1684,1685,1686,1687,1688,1689,1690,1691,1692,1693,1694,1695,1696,1697,1698,1699,1700,1701,1702,1703,1704,1705,-1610609971,-1610610028,-1610610085,-1610610142,-1610610199,-1610610256,-1610610313,-1610610370,-1610610427,-1610610484,-1610610541,-1610610598,-1610610655,-1610610712,1548,1437,1497,1607,1390,1494,1499,833,1206,1497,1212,1062,-1610611453,-1610611510,-1610611567,-1610611624,-1610611681,-1610611738,-1610611795,-1610611852,-1610611909,-1073740105,-1073740106,-1073740107,-1073740108,-1073740109,-1073740110,-1073740111,-1073740112,2620,2621,2221,2222,2222,-1610612707
1711,1712,1713,1714,1715,1716,1717,1718,1719,1720,1721,1722,1723,1724,1725,1726,1727,1728,1729,1730,1731,1732,1733,1734,1735,1736,1737,1738,1739,1740,1741,1742,1743,1744,1745,1746,1747,1748,1749,1750,1751,1752,1753,1754,1755,1756,1757,1758,1759,1760,1761,1762,-1610609970,-1610610027,-1610610084,-1610610141,-1610610198,-1610610255,-1610610312,-1610610369,-1610610426,-1610610483,-1610610540,-1610610597,-1610610654,-1610610711,1119,1383,-1610610882,-1610610939,1439,953,1493,-1610611167,-1610611224,-1610611281,-1610611338,-1610611395,-1610611452,-1610611509,-1610611566,-1610611623,-1610611680,-1610611737,-1610611794,-1610611851,-1610611908,-1073740162,-1073740163,-1073740164,-1073740165,-1073740166,-1073740167,-1073740168,-1073740169,2620,2621,2221,2222,2279,-1610612706
1768,1769,1770,1771,1772,1773,1774,1775,1776,1777,1778,1779,1780,1781,1782,1783,1784,1785,1786,1787,1788,1789,1790,1791,1792,1793,1794,1795,1796,1797,1798,1799,1800,1801,1802,1803,1804,1805,1806,1807,1808,1809,1810,1811,1812,1813,1814,1815,1816,1817,1818,1819,-1610609969,-1610610026,-1610610083,-1610610140,-1610610197,-1610610254,-1610610311,-1610610368,-1610610425,-1610610482,-1610610539,-1610610596,-1610610653,-1610610710,-1610610767,1262,1209,-1610610938,-1610610995,-1610611052,1124,-1610611166,-1610611223,-1610611280,-1610611337,-1610611394,-1610611451,-1610611508,-1610611565,-1610611622,-1610611679,-1610611736,-1610611793,-1610611850,-1610611907,-1073740219,-1073740220,-1073740221,-1073740222,-1073740223,-1073740224,-1073740225,-1073740226,2620,2621,2221,2222,2336,-1610612705
1825,1826,1827,1828,1829,1830,1831,1832,1833,1834,1835,1836,1837,1838,1839,1840,1841,1842,1843,1844,1845,1846,1847,1848,1849,1850,1851,1852,1853,1854,1855,1856,1857,1858,1859,1860,1861,1862,1863,1864,1865,1866,1867,1868,1869,1870,1871,1872,1873,1874,2097,2097,2097,2097,1930,-1610610139,-1610610196,-1610610253,-1610610310,-1610610367,-1610610424,-1610610481,-1610610538,-1610610595,-1610610652,-1610610709,-1610610766,-1610610823,1181,1376,1070,1385,1124,-1610611165,-1610611222,-1610611279,-1610611336,-1610611393,-1610611450,-1610611507,-1610611564,-1610611621,-1610611678,-1610611735,-1610611792,-1610611849,-1610611906,-1073740276,-1073740277,-1073740278,-1073740279,-1073740280,-1073740281,-1073740282,-1073740283,2620,2621,2222,2222,2393,-1610612704
1882,1883,1884,1885,1886,1887,1888,1889,1890,1891,1892,1893,1894,1895,1896,1897,1898,1899,1900,1901,1902,1903,1904,1905,1906,1907,1908,1909,1910,1911,1912,1913,1914,1915,1916,1917,1918,1919,1920,1921,1922,1923,1924,1925,1926,1927,1928,1929,1930,2209,2210,2211,2212,2213,2214,2215,2216,-1610610252,-1610610309,-1610610366,-1610610423,-1610610480,-1610610537,-1610610594,-1610610651,-1610610708,-1610610765,-1610610822,-1610610879,1547,-1610610993,-1610611050,-1610611107,-1610611164,-1610611221,-1610611278,-1610611335,-1610611392,-1610611449,-1610611506,-1610611563,-1610611620,-1610611677,-1610611734,-1610611791,-1610611848,-1610611905,-1073740333,-1073740334,-1073740335,-1073740336,-1073740337,-1073740338,-1073740339,-1073740340,2620,2621,2222,2279,2450,-1610612703
1939,1940,1941,1942,1943,1944,1945,1946,1947,1948,1949,1950,1951,1952,1953,1954,1955,1956,1957,1958,1959,1960,1961,1962,1963,1964,1965,1966,1967,1968,1969,1970,1971,1972,1973,1974,1975,1976,1977,1978,1979,1980,1981,1982,1983,1984,1985,1986,1987,2266,2267,2268,2269,2270,2271,2272,2273,-1610610251,-1610610308,-1610610365,-1610610422,-1610610479,-1610610536,902,-1610610650,-1610610707,-1610610764,-1610610821,-1610610878,1120,1213,-1610611049,-1610611106,-1610611163,-1610611220,-1610611277,-1610611334,-1610611391,-1610611448,-1610611505,-1610611562,-1610611619,-1610611676,-1610611733,-1610611790,-1610611847,-1610611904,-1073740390,-1073740391,-1073740392,-1073740393,-1073740394,-1073740395,-1073740396,-1073740397,2621,2222,2279,2336,2507,-1610612702
1996,1997,1998,1999,2000,2001,2002,2003,2004,2005,2006,2007,2008,2009,2010,2011,2012,2013,2014,2015,2016,2017,2018,2019,2020,2021,2022,2023,2024,2025,2026,2027,2028,2029,2030,2031,2032,2033,2034,2035,2036,2037,2038,2039,2040,2041,2042,2043,2044,2323,2324,2325,2326,2327,2328,2329,2330,-1610610250,-1610610307,-1610610364,-1610610421,-1610610478,-1610610535,-1610610592,-1610610649,-1610610706,-1610610763,-1610610820,-1610610877,-1610610934,-1610610991,-1610611048,-1610611105,-1610611162,-1610611219,-1610611276,-1610611333,-1610611390,-1610611447,-1610611504,-1610611561,-1610611618,-1610611675,-1610611732,-1610611789,-1610611846,-1610611903,-1073740447,-1073740448,-1073740449,-1073740450,-1073740451,-1073740452,-1073740453,-1073740454,2621,2279,2336,2393,2564,-1610612701
2053,2054,2055,2056,2057,2058,2059,2060,2061,2062,2063,2064,2065,2066,2067,2068,2069,2070,2071,2072,2073,2074,2075,2076,2077,2078,2079,2080,2081,2082,2083,2084,2085,2086,2087,2088,2089,2090,2091,2092,2093,2094,2095,2096,2097,2098,2099,2100,2101,2380,2381,2382,2383,2384,2385,2386,2387,-1610610249,-1610610306,-1610610363,-1610610420,-1610610477,-1610610534,-1610610591,-1610610648,-1610610705,-1610610762,1179,-1610610876,-1610610933,1207,-1610611047,-1610611104,-1610611161,-1610611218,-1610611275,-1610611332,-1610611389,-1610611446,-1610611503,-1610611560,-1610611617,-1610611674,-1610611731,-1610611788,-1610611845,-1610611902,-1073740504,-1073740505,-1073740506,-1073740507,-1073740508,-1073740509,-1073740510,-1073740511,2336,2336,2393,2450,2621,-1610612700
2110,2111,2112,2113,2114,2115,2116,2117,2118,2119,2120,2121,2122,2123,2124,2125,2126,2127,2128,2129,2130,2131,2132,2133,2134,2135,2136,2137,2138,2139,2140,2141,2142,2143,2144,2145,2146,2147,2148,2149,2150,2151,2152,2153,2154,2155,2156,2157,2158,2437,2438,2439,2440,2441,2442,2443,2444,-1610610248,-1610610305,-1610610362,-1610610419,-1610610476,-1610610533,-1610610590,-1610610647,-1610610704,-1610610761,-1610610818,-1610610875,-1610610932,-1610610989,-1610611046,-1610611103,-1610611160,-1610611217,-1610611274,-1610611331,-1610611388,-1610611445,-1610611502,-1610611559,-1610611616,-1610611673,-1610611730,-1610611787,-1610611844,-1610611901,-1073740561,-1073740562,-1073740563,-1073740564,-1073740565,-1073740566,-1073740567,-1073740568,2393,2393,2450,2507,-1610612642,-1610612699
2167,2168,2169,2170,2171,2172,2173,2174,2175,2176,2177,2178,2179,2180,2181,2182,2183,2184,2185,2186,2187,2188,2189,2190,2191,2192,2193,2194,2195,2196,2197,2198,2199,2200,2201,2202,2203,2204,2205,2206,2207,2208,2209,2210,2211,2212,2213,2214,2209,2210,2211,2212,2213,2214,2215,2216,2501,-1610610247,-1610610304,-1610610361,-1610610418,-1610610475,-1610610532,-1610610589,-1610610646,-1610610703,-1610610760,-1610610817,-1610610874,-1610610931,-1610610988,-1610611045,-1610611102,-1610611159,-1610611216,-1610611273,-1610611330,-1610611387,-1610611444,-1610611501,-1610611558,-1610611615,-1610611672,-1610611729,-1610611786,-1610611843,-1610611900,-1073740618,-1073740619,-1073740620,-1073740621,-1073740622,-1073740623,-1073740624,-1073740625,2450,2450,2507,2564,-1610612641,-1610612698
2224,2225,2226,2227,2228,2229,2230,2231,2232,2233,2234,2235,2236,2237,2238,2239,2240,2241,2242,2243,2244,2245,2246,2247,2248,2249,2250,2251,2252,2253,2254,2255,2256,2257,2258,2259,2260,2261,2262,2263,2264,2265,2266,2267,2268,2269,2270,2271,2266,2267,2268,2269,2270,2271,2272,2273,2558,-1610610246,-1610610303,-1610610360,-1610610417,-1610610474,-1610610531,-1610610588,-1610610645,-1610610702,-1610610759,-1610610816,-1610610873,-1610610930,-1610610987,-1610611044,-1610611101,-1610611158,-1610611215,-1610611272,-1610611329,-1610611386,-1610611443,-1610611500,-1610611557,-1610611614,-1610611671,-1610611728,-1610611785,-1610611842,-1610611899,-1073740675,-1073740676,-1073740677,-1073740678,-1073740679,-1073740680,-1073740681,-1073740682,2507,2507,2564,2621,-1610612640,-1610612697
2281,2282,2283,2284,2285,2286,2287,2288,2289,2290,2291,2292,2293,2294,2295,2296,2297,2298,2299,2300,2301,2302,2303,2304,2305,2306,2307,2308,2309,2310,2311,2312,2313,2314,2315,2316,2317,2318,2319,2320,2321,2322,2323,2324,2325,2326,2327,2328,2323,2324,2325,2326,2327,2328,2329,2330,-1610610188,-1610610245,-1610610302,-1610610359,-1610610416,-1610610473,-1610610530,-1610610587,-1610610644,-1610610701,-1610610758,-1610610815,-1610610872,-1610610929,-1610610986,-1610611043,-1610611100,-1610611157,-1610611214,-1610611271,-1610611328,-1610611385,-1610611442,-1610611499,-1610611556,-1610611613,-1610611670,-1610611727,-1610611784,-1610611841,-1610611898,-1610611955,1811,1812,1813,2563,2564,2564,2564,2564,2564,2621,-1610612582,-1610612639,-1610612696
2338,2339,2340,2341,2342,2343,2344,2345,2346,2347,2348,2349,2350,2351,2352,2353,2354,2355,2356,2357,2358,2359,2360,2361,2362,2363,2364,2365,2366,2367,2368,2369,2370,2371,2372,2373,2374,2375,2376,2377,2378,2379,2380,2381,2382,2383,2384,2385,2380,2381,2382,2383,2384,2385,2386,2387,-1610610187,-1610610244,-1610610301,-1610610358,-1610610415,-1610610472,-1610610529,-1610610586,-1610610643,902,-1610610757,-1610610814,-1610610871,-1610610928,-1610610985,-1610611042,-1610611099,1233,1376,1379,-1610611327,-1610611384,-1610611441,-1610611498,-1610611555,-1610611612,-1610611669,-1610611726,-1610611783,-1610611840,-1610611897,-1610611954,-1610612011,2618,2619,2620,2621,2621,2621,2621,2621,-1610612524,-1610612581,-1610612638,-1610612695
2395,2396,2397,2398,2399,2400,2401,2402,2403,2404,2405,2406,2407,2408,2409,2410,2411,2412,2413,2414,2415,2416,2417,2418,2419,2420,2421,2422,2423,2424,2425,2426,2427,2428,2429,2430,2431,2432,2433,2434,2435,2436,2437,2438,2439,2440,2441,2442,2437,2438,2439,2440,2441,2442,2443,2444,-1610610186,-1610610243,-1610610300,-1610610357,-1610610414,-1610610471,-1610610528,-1610610585,-1610610642,-1610610699,-1610610756,-1610610813,-1610610870,-1610610927,-1610610984,-1610611041,-1610611098,-1610611155,-1610611212,1548,825,-1610611383,-1610611440,-1610611497,-1610611554,-1610611611,-1610611668,-1610611725,-1610611782,-1610611839,-1610611896,-1610611953,-1610612010,-1610612067,-1610612124,-1610612181,-1610612238,-1610612295,-1610612352,-1610612409,-1610612466,-1610612523,-1610612580,-1610612637,-1610612694
2452,2453,2454,2455,2456,2457,2458,2459,2460,132,-1073741101,-1073741102,-1073741103,-1073741104,-1073741105,-1073741106,-1073741107,-1073741108,-1073741109,-1073741110,-1073741111,-1073741112,-1073741113,-1073741114,-1073741115,-1073741116,-1073741117,-1073741118,132,2481,2482,2483,2484,2485,2486,2487,2488,2489,2490,2491,2492,2493,2494,2495,2496,2497,2498,2499,2494,2495,2496,2497,2498,2499,2500,2501,-1610610185,-1610610242,-1610610299,-1610610356,-1610610413,-1610610470,-1610610527,-1610610584,-1610610641,-1610610698,-1610610755,-1610610812,-1610610869,-1610610926,-1610610983,-1610611040,-1610611097,1328,-1610611211,-1610611268,1265,1433,-1610611439,-1610611496,-1610611553,-1610611610,-1610611667,-1610611724,-1610611781,-1610611838,-1610611895,-1610611952,-1610612009,-1610612066,-1610612123,-1610612180,-1610612237,-1610612294,-1610612351,-1610612408,-1610612465,-1610612522,-1610612579,-1610612636,-1610612693
2509,2510,2511,2512,2513,2514,2515,2516,2517,-1073741157,-1073741158,-1073741159,-1073741160,-1073741161,-1073741162,-1073741163,-1073741164,-1073741165,-1073741166,-1073741167,-1073741168,-1073741169,-1073741170,-1073741171,-1073741172,-1073741173,-1073741174,-1073741175,-1073741176,2594,2539,2540,2541,2542,2543,2544,2545,2546,2547,2548,2549,2550,2551,2552,2553,2554,2555,2556,2551,2552,2553,2554,2555,2556,2557,2558,-1610610184,-1610610241,-1610610298,-1610610355,-1610610412,-1610610469,-1610610526,-1610610583,-1610610640,-1610610697,-1610610754,-1610610811,-1610610868,-1610610925,-1610610982,-1610611039,-1610611096,-1610611153,-1610611210,-1610611267,-1610611324,1499,1175,-1610611495,-1610611552,-1610611609,-1610611666,-1610611723,-1610611780,-1610611837,-1610611894,-1610611951,-1610612008,-1610612065,-1610612122,-1610612179,-1610612236,-1610612293,-1610612350,-1610612407,-1610612464,-1610612521,-1610612578,-1610612635,-1610612692
2566,2567,2568,2569,2570,2571,2572,2573,2574,-1073741214,-1073741215,-1073741216,-1073741217,-1073741218,-1073741219,-1073741220,-1073741221,-1073741222,-1073741223,-1073741224,-1073741225,-1073741226,-1073741227,-1073741228,-1073741229,-1073741230,-1073741231,-1073741232,-1073741233,2594,2596,2597,2598,2599,2600,2601,2602,2603,2604,2605,2606,2607,2608,2609,2610,2611,2612,2613,2614,2615,2784,2721,2784,2726,-1610610069,-1610610126,-1610610183,-1610610240,-1610610297,-1610610354,-1610610411,-1610610468,-1610610525,-1610610582,-1610610639,-1610610696,-1610610753,-1610610810,-1610610867,-1610610924,-1610610981,-1610611038,-1610611095,-1610611152,-1610611209,-1610611266,-1610611323,-1610611380,1321,-1610611494,-1610611551,-1610611608,-1610611665,-1610611722,-1610611779,-1610611836,-1610611893,-1610611950,-1610612007,-1610612064,-1610612121,-1610612178,-1610612235,-1610612292,-1610612349,-1610612406,-1610612463,-1610612520,-1610612577,-1610612634,-1610612691
2623,2624,2625,2626,2627,2628,2629,2630,2631,-1073741271,-1073741272,-1073741273,-1073741274,-1073741275,427,545,-1073741278,-1073741279,538,540,-1073741282,-1073741283,-1073741284,-1073741285,543,-1073741287,-1073741288,-1073741289,-1073741290,2651,2653,2654,2655,2656,2657,2658,2659,2660,2661,2662,2663,2664,2665,2666,2667,2668,2669,2670,2671,2672,2673,2674,-1610609954,-1610610011,-1610610068,-1610610125,-1610610182,-1610610239,-1610610296,-1610610353,-1610610410,-1610610467,-1610610524,-1610610581,-1610610638,-1610610695,-1610610752,-1610610809,-1610610866,-1610610923,-1610610980,-1610611037,-1610611094,-1610611151,-1610611208,-1610611265,-1610611322,1178,1071,-1610611493,-1610611550,-1610611607,-1610611664,-1610611721,-1610611778,-1610611835,-1610611892,-1610611949,-1610612006,-1610612063,-1610612120,-1610612177,-1610612234,-1610612291,-1610612348,-1610612405,-1610612462,-1610612519,-1610612576,-1610612633,-1610612690
2680,2681,2682,2683,2684,2685,2686,2687,2688,-1073741328,-1073741329,-1073741330,-1073741331,-1073741332,542,545,545,368,313,547,549,-1073741340,-1073741341,-1073741342,-1073741343,-1073741344,546,-1073741346,-1073741347,2709,2710,2711,2712,2713,2714,2715,2716,2717,2718,2719,2720,2721,2722,2723,2724,2725,2726,2727,2728,2729,2730,2731,-1610609953,-1610610010,-1610610067,-1610610124,-1610610181,-1610610238,-1610610295,-1610610352,-1610610409,-1610610466,-1610610523,-1610610580,-1610610637,-1610610694,-1610610751,-1610610808,-1610610865,-1610610922,-1610610979,-1610611036,-1610611093,-1610611150,-1610611207,-1610611264,-1610611321,-1610611378,-1610611435,-1610611492,-1610611549,-1610611606,-1610611663,-1610611720,-1610611777,902,-1610611891,-1610611948,-1610612005,-1610612062,-1610612119,-1610612176,-1610612233,-1610612290,-1610612347,-1610612404,-1610612461,-1610612518,-1610612575,-1610612632,-1610612689
2737,2738,2739,2740,2741,2742,2743,2744,2745,-1073741385,-1073741386,368,313,311,546,312,-1073741392,-1073741393,-1073741394,540,546,-1073741397,-1073741398,-1073741399,-1073741400,-1073741401,-1073741402,-1073741403,-1073741404,2766,2767,2768,2769,2770,2771,2772,2773,2774,2775,2776,2777,2778,2779,2780,2781,2782,2783,2784,2785,2786,2787,2788,-1610609952,2322,2323,2324,2325,2326,2327,2322,2323,2324,2325,2326,2327,2328,-1610610750,-1610610807,-1610610864,-1610610921,-1610610978,-1610611035,-1610611092,-1610611149,-1610611206,-1610611263,-1610611320,-1610611377,-1610611434,-1610611491,-1610611548,-1610611605,-1610611662,-1610611719,-1610611776,-1610611833,-1610611890,-1610611947,-1610612004,-1610612061,-1610612118,-1610612175,-1610612232,-1610612289,-1610612346,-1610612403,-1610612460,-1610612517,-1610612574,-1610612631,-1610612688
2794,2795,2796,2797,2798,2799,2800,2801,2802,-1073741442,-1073741443,-1073741444,308,309,310,368,426,543,540,539,316,317,318,319,427,313,-1073741459,-1073741460,-1073741461,2823,2824,2825,2826,2827,2828,2829,2830,2831,2832,2833,2834,-1073739032,-1073739033,-1073739034,-1073739035,-1073739036,-1073739037,-1073739038,-1073739039,-1073739040,-1073739041,-1073739042,2257,2379,2380,2381,2382,2383,2384,2379,2380,2381,2382,2383,2384,2385,2101,2046,-1073739059,-1073739060,-1073739061,-1073739062,-1073739063,-1073739064,2293,2469,2469,2469,2469,2469,2469,2469,1610615029,-1073739074,-1073739075,-1073739076,-1073739077,-1073739078,-1073739079,-1073739080,-1073739081,-1073739082,-1073739083,-1073739084,-1073739085,-1073739086,-1073739087,-1073739088,-1610612573,-1610612630,-1610612687
1,2,3,4,193,145,145,145,145,145,308,309,310,426,313,538,314,315,316,317,318,541,548,368,549,378,255,144,145,86,86,86,86,86,86,86,86,86,86,86,263,264,265,-1073739091,-1073739092,-1073739093,-1073739094,-1073739095,-1073739096,-1073739097,-1073739098,-1073739099,2208,2436,2437,2438,2439,2440,2441,2436,2437,2438,2439,2440,2441,2442,2101,2046,-1073739116,-1073739117,-1073739118,-1073739119,-1073739120,-1073739121,-1073739122,-1073739123,-1073739124,-1073739125,902,-1073739127,-1073739128,-1073739129,-1073739130,-1073739131,-1073739132,-1073739133,-1073739134,-1073739135,-1073739136,-1073739137,-1073739138,-1073739139,-1073739140,-1073739141,-1073739142,-1073739143,-1073739144,-1073739145,-1610612572,-1610612629,-1610612686
58,59,60,61,250,309,310,311,312,313,365,366,367,312,540,548,427,546,426,545,375,539,377,378,434,435,321,321,321,321,321,321,312,313,314,315,316,317,318,319,320,321,-1610612654,-1073739148,-1073739149,-1073739150,-1073739151,-1073739152,-1073739153,-1073739154,-1073739155,-1073739156,-1073739157,2493,2494,2495,2496,2497,2498,2493,2494,2495,2496,2497,2498,2499,2101,2274,-1073739173,-1073739174,-1073739175,-1073739176,-1073739177,-1073739178,-1073739179,-1073739180,-1073739181,-1073739182,-1073739183,-1073739184,-1073739185,-1073739186,-1073739187,-1073739188,-1073739189,-1073739190,-1073739191,-1073739192,-1073739193,-1073739194,-1073739195,-1073739196,-1073739197,-1073739198,-1073739199,-1073739200,-1073739201,-1073739202,-1610612571,-1610612628,-1610612685
115,116,117,118,250,366,367,254,308,308,422,423,424,425,312,549,539,311,538,431,549,433,434,435,491,312,370,378,378,378,378,378,321,321,321,372,373,374,375,376,377,378,-1610612654,-1073739205,-1073739206,-1073739207,-1073739208,-1073739209,-1073739210,-1073739211,-1073739212,-1073739213,-1073739214,2550,2551,2552,2553,2554,2555,2550,2551,2552,2553,2554,2555,2556,-1073739228,-1073739229,-1073739230,-1073739231,-1073739232,-1073739233,-1073739234,-1073739235,-1073739236,-1073739237,-1073739238,-1073739239,-1073739240,-1073739241,-1073739242,-1073739243,-1073739244,-1073739245,-1073739246,-1073739247,-1073739248,-1073739249,-1073739250,-1073739251,-1073739252,-1073739253,-1073739254,-1073739255,-1073739256,-1073739257,-1073739258,-1073739259,-1610612570,-1610612627,-1610612684
172,173,174,175,250,423,424,254,365,365,479,480,308,309,310,546,370,479,539,315,370,317,318,319,320,321,539,543,538,313,369,479,311,538,378,321,321,431,432,433,434,435,-1610612654,-1073739262,-1073739263,-1073739264,-1073739265,-1073739266,-1073739267,-1073739268,-1073739269,-1073739270,-1073739271,2607,2608,2609,2610,2611,2612,2607,2608,2609,2610,2611,2612,2613,-1073739285,-1073739286,-1073739287,-1073739288,-1073739289,-1073739290,-1073739291,-1073739292,-1073739293,-1073739294,-1073739295,-1073739296,-1073739297,-1073739298,-1073739299,-1073739300,-1073739301,-1073739302,-1073739303,-1073739304,-1073739305,-1073739306,-1073739307,-1073739308,-1073739309,-1073739310,-1073739311,-1073739312,-1073739313,-1073739314,-1073739315,-1073739316,-1610612569,-1610612626,-1610612683
229,230,231,269,250,480,481,422,422,422,536,537,365,366,542,545,369,479,312,543,312,368,479,376,549,542,547,540,540,546,547,547,542,543,546,540,378,321,321,490,491,492,-1610612654,-1073739319,-1073739320,-1073739321,-1073739322,-1073739323,-1073739324,-1073739325,-1073739326,-1073739327,-1073739328,-1073739329,-1073739330,-1073739331,-1073739332,-1073739333,-1073739334,-1073739335,-1073739336,-1073739337,-1073739338,-1073739339,-1073739340,-1073739341,-1073739342,-1073739343,-1073739344,-1073739345,-1073739346,-1073739347,-1073739348,-1073739349,-1073739350,-1073739351,-1073739352,-1073739353,-1073739354,-1073739355,-1073739356,-1073739357,-1073739358,-1073739359,-1073739360,-1073739361,-1073739362,-1073739363,-1073739364,-1073739365,-1073739366,-1073739367,-1073739368,-1073739369,-1073739370,-1073739371,-1073739372,-1073739373,-1610612568,-1610612625,-1610612682
286,287,288,269,250,252,253,479,254,479,479,480,422,423,424,425,426,427,544,426,425,254,432,370,370,435,492,479,540,549,549,549,548,313,492,548,426,378,378,321,320,321,-1610612654,-1073739376,-1073739377,-1073739378,-1073739379,-1073739380,-1073739381,-1073739382,-1073739383,-1073739384,-1073739385,-1073739386,-1073739387,-1073739388,-1073739389,-1073739390,-1073739391,-1073739392,-1073739393,-1073739394,-1073739395,-1073739396,-1073739397,-1073739398,-1073739399,-1073739400,-1073739401,-1073739402,-1073739403,-1073739404,-1073739405,-1073739406,-1073739407,-1073739408,-1073739409,-1073739410,-1073739411,-1073739412,-1073739413,-1073739414,-1073739415,-1073739416,-1073739417,-1073739418,-1073739419,-1073739420,-1073739421,-1073739422,-1073739423,-1073739424,-1073739425,-1073739426,-1073739427,-1073739428,-1073739429,-1073739430,-1610612567,-1610612624,-1610612681
343,344,345,326,250,309,310,536,536,536,536,537,479,480,481,482,483,484,485,486,487,254,538,544,491,492,425,313,546,547,548,549,549,540,546,427,541,435,435,378,321,321,-1610612654,-1073739433,-1073739434,-1073739435,-1073739436,-1073739437,-1073739438,-1073739439,-1073739440,-1073739441,-1073739442,-1073739443,-1073739444,-1073739445,-1073739446,-1073739447,-1073739448,-1073739449,-1073739450,-1073739451,-1073739452,-1073739453,-1073739454,-1073739455,-1073739456,-1073739457,-1073739458,-1073739459,-1073739460,-1073739461,-1073739462,-1073739463,-1073739464,-1073739465,-1073739466,-1073739467,-1073739468,-1073739469,-1073739470,-1073739471,-1073739472,-1073739473,-1073739474,-1073739475,-1073739476,-1073739477,-1073739478,-1073739479,-1073739480,-1073739481,-1073739482,-1073739483,-1073739484,-1073739485,-1073739486,-1073739487,-1610612566,-1610612623,-1610612680
400,401,402,383,250,366,367,536,537,538,254,254,254,254,254,254,254,254,254,254,254,254,548,547,548,549,369,544,543,254,254,544,546,541,549,313,312,492,492,435,378,378,-1610612654,-1073739490,-1073739491,-1073739492,-1073739493,-1073739494,-1073739495,-1073739496,-1073739497,-1073739498,-1073739499,-1073739500,-1073739501,-1073739502,-1073739503,-1073739504,-1073739505,-1073739506,-1073739507,-1073739508,-1073739509,-1073739510,-1073739511,-1073739512,-1073739513,-1073739514,-1073739515,-1073739516,-1073739517,-1073739518,-1073739519,-1073739520,1563,1061,1208,1549,-1073739525,-1073739526,-1073739527,-1073739528,-1073739529,-1073739530,-1073739531,-1073739532,-1073739533,-1073739534,-1073739535,-1073739536,-1073739537,-1073739538,-1073739539,-1073739540,-1073739541,-1073739542,-1073739543,-1073739544,566,509,338
457,458,459,440,250,255,255,536,537,426,539,254,541,542,543,544,545,546,547,548,254,254,539,254,254,425,479,542,368,547,539,369,545,254,254,311,549,540,549,492,435,435,-1610612654,-1073739547,-1073739548,-1073739549,-1073739550,-1073739551,-1073739552,-1073739553,-1073739554,-1073739555,-1073739556,-1073739557,-1073739558,-1073739559,-1073739560,-1073739561,-1073739562,-1073739563,-1073739564,-1073739565,-1073739566,-1073739567,-1073739568,-1073739569,-1073739570,-1073739571,-1073739572,-1073739573,1440,1495,1005,1319,1268,-1073739579,-1073739580,1265,-1073739582,-1073739583,-1073739584,-1073739585,-1073739586,-1073739587,-1073739588,-1073739589,-1073739590,-1073739591,-1073739592,-1073739593,-1073739594,-1073739595,-1073739596,-1073739597,-1073739598,-1073739599,-1073739600,-1073739601,566,566,395
514,515,516,497,250,255,255,536,537,425,539,254,541,542,370,313,545,254,254,254,254,492,311,369,545,545,427,547,312,549,539,254,254,254,545,546,547,542,369,549,492,492,-1610612654,-1073739604,-1073739605,-1073739606,-1073739607,-1073739608,-1073739609,-1073739610,-1073739611,-1073739612,-1073739613,-1073739614,-1073739615,-1073739616,-1073739617,-1073739618,-1073739619,-1073739620,-1073739621,-1073739622,-1073739623,-1073739624,-1073739625,-1073739626,-1073739627,-1073739628,-1073739629,1122,1175,-1073739632,-1073739633,-1073739634,-1073739635,-1073739636,1498,1211,-1073739639,-1073739640,-1073739641,-1073739642,-1073739643,-1073739644,-1073739645,-1073739646,-1073739647,-1073739648,-1073739649,-1073739650,-1073739651,-1073739652,-1073739653,-1073739654,-1073739655,-1073739656,-1073739657,-1073739658,565,566,452
571,572,573,554,250,255,255,536,537,538,254,540,541,542,543,254,254,254,547,548,549,539,549,542,368,545,536,537,538,540,549,543,538,542,544,545,313,313,540,549,549,549,-1610612654,-1073739661,-1073739662,-1073739663,-1073739664,-1073739665,-1073739666,-1073739667,-1073739668,-1073739669,-1073739670,-1073739671,-1073739672,-1073739673,-1073739674,-1073739675,-1073739676,-1073739677,-1073739678,-1073739679,-1073739680,-1073739681,-1073739682,-1073739683,-1073739684,-1073739685,-1073739686,1205,-1073739688,-1073739689,-1073739690,1062,890,1555,1328,-1073739695,-1073739696,-1073739697,1563,-1073739699,-1073739700,-1073739701,-1073739702,-1073739703,-1073739704,-1073739705,-1073739706,-1073739707,-1073739708,-1073739709,-1073739710,-1073739711,-1073739712,-1073739713,-1073739714,-1073739715,565,566,509
628,629,630,611,250,255,255,255,255,255,255,255,255,479,254,254,537,538,539,540,312,311,539,427,479,254,479,536,537,538,539,312,541,541,312,542,543,546,547,548,549,321,-1610612654,-1073739718,-1073739719,-1073739720,-1073739721,-1073739722,-1073739723,-1073739724,-1073739725,-1073739726,-1073739727,-1073739728,-1073739729,-1073739730,-1073739731,-1073739732,-1073739733,-1073739734,-1073739735,-1073739736,-1073739737,-1073739738,-1073739739,-1073739740,-1073739741,-1073739742,-1073739743,1553,1120,-1073739746,-1073739747,-1073739748,1378,1118,1379,1326,1492,952,776,-1073739756,-1073739757,-1073739758,-1073739759,-1073739760,-1073739761,-1073739762,-1073739763,-1073739764,-1073739765,-1073739766,-1073739767,-1073739768,-1073739769,-1073739770,-1073739771,-1073739772,565,566,566
685,686,687,688,250,479,422,422,422,422,422,422,479,536,254,537,538,539,254,254,254,254,313,368,545,546,539,541,548,542,549,540,543,370,425,544,545,546,547,548,549,378,-1610612654,-1073739775,-1073739776,-1073739777,-1073739778,-1073739779,-1073739780,-1073739781,-1073739782,-1073739783,-1073739784,-1073739785,-1073739786,-1073739787,-1073739788,-1073739789,-1073739790,-1073739791,-1073739792,-1073739793,-1073739794,-1073739795,-1073739796,-1073739797,-1073739798,-1073739799,-1073739800,1551,1494,-1073739803,-1073739804,-1073739805,-1073739806,-1073739807,-1073739808,1494,1268,1610,-1073739812,-1073739813,-1073739814,-1073739815,-1073739816,-1073739817,-1073739818,-1073739819,-1073739820,-1073739821,-1073739822,-1073739823,-1073739824,-1073739825,-1073739826,-1073739827,-1073739828,-1073739829,564,565,566
742,743,744,-1073741442,-1073741443,-1073741444,-1073741445,-1073741446,-1073741447,-1073741448,-1073741449,-1073741450,-1073741451,-1073741452,-1073741453,-1073741454,539,540,541,542,543,544,254,254,370,542,548,547,540,427,549,549,311,539,425,540,543,541,549,312,541,435,-1610612654,-1073739832,-1073739833,-1073739834,-1073739835,-1073739836,-1073739837,-1073739838,-1073739839,-1073739840,-1073739841,-1073739842,-1073739843,-1073739844,-1073739845,-1073739846,-1073739847,-1073739848,-1073739849,-1073739850,-1073739851,-1073739852,-1073739853,-1073739854,-1073739855,-1073739856,1121,1121,-1073739859,-1073739860,-1073739861,-1073739862,-1073739863,-1073739864,-1073739865,-1073739866,-1073739867,776,1547,-1073739870,-1073739871,-1073739872,-1073739873,-1073739874,-1073739875,-1073739876,-1073739877,-1073739878,-1073739879,-1073739880,-1073739881,-1073739882,-1073739883,-1073739884,-1073739885,-1073739886,564,565,566
799,800,801,-1073741499,-1073741500,-1073741501,-1073741502,-1073741503,-1073741504,-1073741505,-1073741506,-1073741507,-1073741508,-1073741509,-1073741510,-1073741511,540,541,254,254,254,254,254,547,548,549,254,254,255,254,547,545,255,255,255,255,311,479,546,311,313,255,-1610612654,-1073739889,-1073739890,-1073739891,-1073739892,-1073739893,-1073739894,-1073739895,-1073739896,-1073739897,-1073739898,-1073739899,-1073739900,-1073739901,-1073739902,-1073739903,-1073739904,-1073739905,-1073739906,-1073739907,-1073739908,-1073739909,1328,1611,-1073739912,-1073739913,896,-1073739915,-1073739916,-1073739917,-1073739918,-1073739919,-1073739920,-1073739921,-1073739922,-1073739923,-1073739924,1062,1324,1494,951,1319,-1073739930,-1073739931,-1073739932,-1073739933,-1073739934,-1073739935,-1073739936,-1073739937,-1073739938,-1073739939,-1073739940,-1073739941,-1073739942,-1073739943,564,565,566
856,857,269,-1073741556,-1073741557,-1073741558,-1073741559,-1073741560,-1073741561,-1073741562,-1073741563,-1073741564,-1073741565,-1073741566,-1073741567,-1073741568,320,254,254,427,311,311,543,544,545,368,547,254,255,254,368,254,320,540,426,426,427,255,427,539,255,255,-1610612654,-1073739946,-1073739947,-1073739948,-1073739949,-1073739950,-1073739951,-1073739952,-1073739953,-1073739954,-1073739955,-1073739956,-1073739957,-1073739958,-1073739959,-1073739960,-1073739961,-1073739962,-1073739963,-1073739964,-1073739965,-1073739966,-1073739967,1553,1494,1268,1007,1563,1326,952,1118,-1073739976,-1073739977,-1073739978,-1073739979,-1073739980,-1073739981,1267,-1073739983,1264,892,1492,-1073739987,-1073739988,-1073739989,-1073739990,-1073739991,-1073739992,-1073739993,-1073739994,-1073739995,-1073739996,-1073739997,-1073739998,-1073739999,-1073740000,564,565,566
913,914,326,-1073741613,-1073741614,-1073741615,-1073741616,-1073741617,-1073741618,-1073741619,-1073741620,-1073741621,-1073741622,-1073741623,-1073741624,-1073741625,377,378,379,254,254,379,379,254,379,379,379,379,254,254,312,549,368,548,379,378,379,377,378,379,377,378,-1610612654,-1073740003,-1073740004,-1073740005,-1073740006,-1073740007,-1073740008,-1073740009,-1073740010,-1073740011,-1073740012,-1073740013,-1073740014,-1073740015,-1073740016,-1073740017,-1073740018,-1073740019,-1073740020,-1073740021,-1073740022,-1073740023,-1073740024,-1073740025,-1073740026,1208,1270,1376,1321,1266,1320,1380,-1073740034,-1073740035,-1073740036,-1073740037,-1073740038,-1073740039,-1073740040,-1073740041,-1073740042,-1073740043,-1073740044,-1073740045,-1073740046,-1073740047,-1073740048,-1073740049,-1073740050,-1073740051,-1073740052,-1073740053,-1073740054,-1073740055,-1073740056,-1073740057,564,565,566
970,971,383,-1073741670,-1073741671,-1073741672,-1073741673,-1073741674,-1073741675,-1073741676,-1073741677,-1073741678,-1073741679,-1073741680,-1073741681,-1073741682,434,435,436,436,436,436,436,436,436,436,436,436,254,254,492,493,434,435,436,435,436,434,435,436,-1610612414,-1073741501,-1610612412,-1073740060,-1073740061,-1073740062,-1073740063,-1073740064,-1073740065,-1073740066,-1073740067,-1073740068,-1073740069,-1073740070,-1073740071,-1073740072,836,-1073740074,-1073740075,-1073740076,-1073740077,1121,1067,1262,1319,-1073740082,-1073740083,839,1210,1071,1063,-1073740088,1439,1382,-1073740091,699,-1073740093,-1073740094,-1073740095,-1073740096,-1073740097,-1073740098,-1073740099,-1073740100,-1073740101,-1073740102,-1073740103,-1073740104,-1073740105,-1073740106,-1073740107,-1073740108,-1073740109,-1073740110,-1073740111,-1073740112,-1073740113,-1073740114,564,565,566
1027,1028,440,-1073741727,-1073741728,-1073741729,-1073741730,-1073741731,-1073741732,-1073741733,-1073741734,-1073741735,-1073741736,-1073741737,-1073741738,-1073741739,-1073741502,492,493,493,493,493,493,493,493,493,493,493,493,493,549,550,491,492,493,492,493,491,492,-1610612414,-1610612471,152,152,-1073740117,-1073740118,-1073740119,-1073740120,-1073740121,-1073740122,-1073740123,-1073740124,-1073740125,-1073740126,1326,1491,-1073740129,1494,1070,-1073740132,-1073740133,-1073740134,-1073740135,-1073740136,-1073740137,1320,-1073740139,-1073740140,1498,1551,1122,1207,1121,1071,1547,1319,-1073740149,-1073740150,-1073740151,-1073740152,-1073740153,-1073740154,-1073740155,953,898,-1073740158,-1073740159,-1073740160,-1073740161,-1073740162,-1073740163,-1073740164,-1073740165,-1073740166,-1073740167,-1073740168,-1073740169,-1073740170,-1073740171,564,565,566
1084,1085,497,-1073741784,-1073741785,-1073741786,-1073741787,-1073741788,-1073741789,-1073741790,-1073741791,-1073741792,-1073741793,-1073741794,-1073741795,-1073741796,-1073741500,-1073741742,-1073741742,-1073741742,-1073741742,-1073741742,-1073741742,-1073741742,-1073741742,-1073741742,-1073741742,-1073741742,-1073741742,-1073741742,-1073741742,-1073741742,-1073741742,-1073741742,-1073741742,-1073741742,-1073741742,-1073741742,-1073741742,-1610612471,152,152,152,-1073740174,-1073740175,-1073740176,-1073740177,-1073740178,-1073740179,-1073740180,-1073740181,-1073740182,1555,1439,1180,-1073740186,-1073740187,1209,-1073740189,-1073740190,-1073740191,-1073740192,-1073740193,-1073740194,1120,1548,-1073740197,1211,-1073740199,1385,1014,1608,-1073740203,-1073740204,1381,-1073740206,-1073740207,-1073740208,-1073740209,-1073740210,-1073740211,1178,-1073740213,-1073740214,-1073740215,-1073740216,526,526,-1073740219,-1073740220,-1073740221,-1073740222,-1073740223,-1073740224,-1073740225,-1073740226,-1073740227,-1073740228,564,565,566
1141,1142,554,554,611,269,270,271,272,273,274,274,274,331,331,331,331,331,331,331,331,331,274,274,274,274,274,331,271,272,273,274,557,558,559,502,269,270,271,272,273,274,-1073740230,-1073740231,-1073740232,-1073740233,-1073740234,-1073740235,-1073740236,-1073740237,-1073740238,-1073740239,1070,-1073740241,1206,1328,1606,1068,-1073740246,-1073740247,-1073740248,-1073740249,-1073740250,-1073740251,1210,1606,1068,1121,-1073740256,-1073740257,1006,839,1379,-1073740261,1553,-1073740263,-1073740264,-1073740265,-1073740266,-1073740267,-1073740268,-1073740269,-1073740270,-1073740271,1328,-1073740273,-1073740274,-1073740275,-1073740276,-1073740277,-1073740278,-1073740279,-1073740280,-1073740281,-1073740282,-1073740283,-1073740284,-1073740285,564,565,566
1198,1199,611,611,611,269,270,271,272,273,274,331,331,388,388,388,388,388,388,388,388,388,331,331,331,331,331,388,271,272,273,274,614,615,616,559,274,270,271,272,273,274,-1073740287,-1073740288,-1073740289,-1073740290,-1073740291,-1073740292,-1073740293,-1073740294,-1073740295,-1073740296,835,1438,-1073740299,-1073740300,-1073740301,-1073740302,-1073740303,-1073740304,-1073740305,-1073740306,-1073740307,-1073740308,1268,1212,1433,-1073740312,892,1067,1177,-1073740316,897,1206,1264,-1073740320,-1073740321,-1073740322,-1073740323,-1073740324,-1073740325,-1073740326,-1073740327,1552,837,-1073740330,-1073740331,-1073740332,-1073740333,-1073740334,-1073740335,-1073740336,-1073740337,-1073740338,-1073740339,-1073740340,-1073740341,-1073740342,564,565,566
1255,1256,611,612,613,269,269,269,270,271,272,273,274,445,445,445,445,445,445,445,445,445,388,388,388,388,388,445,271,272,273,274,614,615,616,616,331,270,271,272,273,274,-1073740344,-1073740345,-1073740346,-1073740347,-1073740348,-1073740349,-1073740350,-1073740351,-1073740352,-1073740353,-1073740354,-1073740355,-1073740356,1262,-1073740358,-1073740359,-1073740360,-1073740361,-1073740362,-1073740363,-1073740364,-1073740365,-1073740366,1181,-1073740368,-1073740369,-1073740370,-1073740371,-1073740372,-1073740373,-1073740374,-1073740375,-1073740376,-1073740377,-1073740378,-1073740379,-1073740380,-1073740381,526,-1073740383,950,-1073740385,-1073740386,1553,-1073740388,-1073740389,526,-1073740391,-1073740392,-1073740393,-1073740394,-1073740395,-1073740396,-1073740397,-1073740398,-1073740399,564,565,566
1312,1313,611,612,613,326,326,269,269,269,269,270,271,272,273,274,502,502,502,502,502,502,445,445,445,445,445,502,328,329,330,331,613,614,615,616,388,270,271,272,273,274,-1073740401,-1073740402,-1073740403,-1073740404,-1073740405,-1073740406,-1073740407,-1073740408,-1073740409,-1073740410,1262,1439,-1073740413,1214,1607,1181,-1073740417,-1073740418,-1073740419,-1073740420,-1073740421,-1073740422,-1073740423,-1073740424,-1073740425,-1073740426,-1073740427,-1073740428,-1073740429,-1073740430,-1073740431,-1073740432,-1073740433,699,-1073740435,-1073740436,-1073740437,-1073740438,-1073740439,-1073740440,1384,-1073740442,-1073740443,-1073740444,-1073740445,-1073740446,-1073740447,-1073740448,-1073740449,-1073740450,-1073740451,-1073740452,-1073740453,-1073740454,-1073740455,-1073740456,564,565,566
1369,1370,611,612,613,383,383,326,326,326,269,269,269,270,271,272,273,274,559,559,559,559,502,502,502,502,502,559,385,386,387,388,613,614,615,616,445,270,271,272,273,274,-1073740458,-1073740459,-1073740460,-1073740461,-1073740462,-1073740463,-1073740464,-1073740465,-1073740466,1214,1265,1610,1014,-1073740471,-1073740472,1263,-1073740474,-1073740475,-1073740476,-1073740477,-1073740478,-1073740479,-1073740480,-1073740481,-1073740482,-1073740483,-1073740484,-1073740485,-1073740486,-1073740487,-1073740488,-1073740489,-1073740490,-1073740491,-1073740492,-1073740493,-1073740494,-1073740495,1271,-1073740497,-1073740498,-1073740499,-1073740500,-1073740501,-1073740502,-1073740503,-1073740504,-1073740505,-1073740506,-1073740507,-1073740508,-1073740509,-1073740510,-1073740511,-1073740512,-1073740513,564,565,566
1426,269,611,612,613,440,440,383,383,383,326,326,269,270,271,272,273,274,616,616,616,616,559,559,559,559,559,616,442,443,444,445,613,614,615,616,502,270,271,272,273,274,-1073740515,-1073740516,-1073740517,-1073740518,-1073740519,-1073740520,-1073740521,-1073740522,1551,1607,-1073740525,-1073740526,1612,1496,1180,1438,1328,-1073740532,-1073740533,-1073740534,-1073740535,-1073740536,-1073740537,-1073740538,-1073740539,-1073740540,-1073740541,-1073740542,-1073740543,-1073740544,699,-1073740546,-1073740547,-1073740548,-1073740549,-1073740550,-1073740551,-1073740552,-1073740553,-1073740554,-1073740555,-1073740556,-1073740557,-1073740558,-1073740559,-1073740560,-1073740561,-1073740562,-1073740563,-1073740564,-1073740565,-1073740566,-1073740567,-1073740568,-1073740569,-1073740570,564,565,566
1483,326,611,612,613,497,497,440,440,440,383,383,269,269,902,271,272,269,269,269,269,269,269,269,269,270,271,272,273,274,501,502,613,614,615,616,559,270,271,272,273,274,-1073740572,-1073740573,-1073740574,-1073740575,-1073740576,-1073740577,-1073740578,-1073740579,1267,1182,-1073740582,-1073740583,825,1390,-1073740586,-1073740587,1563,1382,1233,1547,-1073740592,-1073740593,-1073740594,-1073740595,-1073740596,-1073740597,-1073740598,-1073740599,-1073740600,-1073740601,-1073740602,-1073740603,-1073740604,-1073740605,-1073740606,-1073740607,-1073740608,526,-1073740610,1382,-1073740612,-1073740613,-1073740614,-1073740615,-1073740616,-1073740617,-1073740618,-1073740619,-1073740620,-1073740621,-1073740622,-1073740623,-1073740624,-1073740625,-1073740626,-1073740627,564,565,566
1540,383,384,385,386,554,554,497,497,497,440,440,326,269,269,269,269,326,326,326,326,326,326,326,269,269,269,270,271,272,273,274,613,614,615,616,616,269,270,271,272,273,274,-1073740630,-1073740631,-1073740632,-1073740633,-1073740634,-1073740635,-1073740636,-1073740637,1326,1496,1437,833,1322,-1073740643,1263,1123,-1073740646,1439,1491,-1073740649,-1073740650,-1073740651,-1073740652,-1073740653,-1073740654,-1073740655,-1073740656,-1073740657,-1073740658,-1073740659,-1073740660,-1073740661,-1073740662,-1073740663,-1073740664,-1073740665,-1073740666,-1073740667,-1073740668,-1073740669,-1073740670,-1073740671,-1073740672,-1073740673,-1073740674,-1073740675,-1073740676,-1073740677,-1073740678,-1073740679,-1073740680,-1073740681,-1073740682,-1073740683,-1073740684,564,565,566
1597,440,441,442,443,611,611,554,554,554,497,497,383,326,326,326,326,383,383,902,1134,383,383,383,326,326,269,270,271,272,273,274,274,613,614,615,616,269,270,271,272,273,274,-1073740687,-1073740688,-1073740689,-1073740690,-1073740691,-1073740692,-1073740693,-1073740694,-1073740695,1263,1266,1436,1608,894,1381,1181,1498,1120,-1073740705,-1073740706,-1073740707,-1073740708,-1073740709,-1073740710,-1073740711,-1073740712,-1073740713,950,1210,-1073740716,-1073740717,-1073740718,-1073740719,-1073740720,526,-1073740722,-1073740723,-1073740724,1439,-1073740726,-1073740727,1182,-1073740729,-1073740730,-1073740731,-1073740732,-1073740733,-1073740734,-1073740735,-1073740736,-1073740737,-1073740738,-1073740739,-1073740740,-1073740741,564,565,566
1654,497,498,499,500,501,502,611,611,611,554,554,440,383,383,383,383,440,440,440,1134,902,440,440,383,383,269,270,271,272,273,274,331,613,614,615,616,274,270,271,272,273,274,-1073740744,-1073740745,-1073740746,-1073740747,-1073740748,-1073740749,-1073740750,-1073740751,1062,896,1066,833,1182,-1073740757,-1073740758,-1073740759,1211,1176,-1073740762,-1073740763,-1073740764,-1073740765,-1073740766,-1073740767,-1073740768,-1073740769,1011,891,1121,954,-1073740774,-1073740775,-1073740776,-1073740777,-1073740778,-1073740779,1385,1495,-1073740782,-1073740783,-1073740784,-1073740785,-1073740786,-1073740787,-1073740788,-1073740789,-1073740790,-1073740791,-1073740792,-1073740793,-1073740794,-1073740795,-1073740796,-1073740797,-1073740798,564,565,566
1711,554,555,556,557,558,559,445,331,331,611,611,497,440,440,440,440,497,497,497,497,497,497,497,440,269,270,271,272,273,274,274,388,327,328,329,330,331,270,271,272,273,274,-1073740801,-1073740802,-1073740803,-1073740804,-1073740805,-1073740806,-1073740807,-1073740808,-1073740809,1612,1270,-1073740812,-1073740813,-1073740814,-1073740815,-1073740816,-1073740817,-1073740818,-1073740819,-1073740820,-1073740821,-1073740822,-1073740823,-1073740824,-1073740825,-1073740826,1175,840,1439,-1073740830,1434,1214,1611,1210,1182,1263,825,-1073740838,-1073740839,-1073740840,-1073740841,-1073740842,-1073740843,-1073740844,-1073740845,-1073740846,-1073740847,-1073740848,-1073740849,-1073740850,-1073740851,-1073740852,-1073740853,-1073740854,-1073740855,564,565,566
1768,611,612,613,614,615,616,502,388,388,388,331,554,497,497,497,497,269,270,271,272,273,274,274,274,270,271,272,273,274,274,331,445,384,385,386,387,388,270,271,272,273,274,-1073740858,-1073740859,-1073740860,-1073740861,-1073740862,-1073740863,-1073740864,-1073740865,-1073740866,-1073740867,1490,833,-1073740870,-1073740871,-1073740872,-1073740873,-1073740874,-1073740875,-1073740876,-1073740877,-1073740878,-1073740879,-1073740880,-1073740881,-1073740882,-1073740883,-1073740884,1177,1005,-1073740887,-1073740888,-1073740889,-1073740890,-1073740891,1120,1268,-1073740894,-1073740895,-1073740896,-1073740897,-1073740898,-1073740899,-1073740900,-1073740901,-1073740902,-1073740903,-1073740904,-1073740905,-1073740906,-1073740907,-1073740908,-1073740909,-1073740910,-1073740911,-1073740912,564,565,566
1825,611,612,613,614,615,616,559,445,445,445,388,902,554,554,554,554,326,327,328,329,330,331,331,331,274,902,273,274,274,331,388,502,441,442,443,444,445,270,271,272,273,274,-1073740915,-1073740916,-1073740917,-1073740918,-1073740919,-1073740920,-1073740921,-1073740922,-1073740923,-1073740924,-1073740925,1325,526,-1073740928,-1073740929,-1073740930,-1073740931,-1073740932,-1073740933,-1073740934,-1073740935,-1073740936,-1073740937,-1073740938,-1073740939,-1073740940,-1073740941,-1073740942,-1073740943,1610,-1073740945,1324,893,1550,1325,1206,-1073740951,1175,-1073740953,-1073740954,-1073740955,-1073740956,-1073740957,-1073740958,-1073740959,-1073740960,-1073740961,-1073740962,-1073740963,-1073740964,-1073740965,-1073740966,-1073740967,-1073740968,-1073740969,564,565,566
1882,611,612,613,614,615,616,616,502,502,502,445,445,611,611,611,611,383,384,385,386,387,388,388,388,902,1134,1134,274,331,388,445,559,498,499,500,501,502,270,271,272,273,274,-1073740972,-1073740973,-1073740974,-1073740975,-1073740976,-1073740977,-1073740978,-1073740979,-1073740980,-1073740981,-1073740982,950,1182,1442,1321,1434,1554,839,-1073740990,-1073740991,-1073740992,-1073740993,-1073740994,-1073740995,-1073740996,-1073740997,-1073740998,-1073740999,-1073741000,-1073741001,-1073741002,-1073741003,-1073741004,-1073741005,-1073741006,-1073741007,-1073741008,-1073741009,-1073741010,-1073741011,-1073741012,-1073741013,-1073741014,-1073741015,-1073741016,-1073741017,-1073741018,-1073741019,-1073741020,-1073741021,-1073741022,-1073741023,-1073741024,-1073741025,-1073741026,564,565,566
1939,1940,611,612,613,614,615,616,559,559,559,502,502,445,445,388,331,440,441,442,443,444,445,445,445,388,388,331,274,274,445,502,616,555,556,557,558,559,274,271,272,273,274,-1073741029,-1073741030,-1073741031,-1073741032,-1073741033,-1073741034,-1073741035,-1073741036,-1073741037,-1073741038,-1073741039,-1073741040,-1073741041,-1073741042,-1073741043,-1073741044,-1073741045,-1073741046,-1073741047,-1073741048,-1073741049,-1073741050,-1073741051,-1073741052,-1073741053,-1073741054,-1073741055,-1073741056,-1073741057,-1073741058,-1073741059,1007,-1073741061,-1073741062,-1073741063,-1073741064,-1073741065,-1073741066,-1073741067,-1073741068,-1073741069,-1073741070,-1073741071,-1073741072,-1073741073,-1073741074,-1073741075,-1073741076,-1073741077,-1073741078,-1073741079,-1073741080,-1073741081,-1073741082,-1073741083,564,565,566
1996,1997,611,612,613,614,615,616,616,616,616,559,559,502,502,445,388,497,498,499,500,501,502,502,502,445,445,388,331,331,502,559,611,612,613,614,615,616,331,271,272,273,274,-1073741086,-1073741087,-1073741088,-1073741089,-1073741090,-1073741091,-1073741092,-1073741093,-1073741094,-1073741095,-1073741096,-1073741097,-1073741098,-1073741099,-1073741100,-1073741101,-1073741102,-1073741103,-1073741104,-1073741105,-1073741106,-1073741107,-1073741108,-1073741109,-1073741110,-1073741111,-1073741112,-1073741113,-1073741114,-1073741115,-1073741116,-1073741117,-1073741118,-1073741119,-1073741120,-1073741121,-1073741122,-1073741123,-1073741124,-1073741125,-1073741126,-1073741127,-1073741128,-1073741129,-1073741130,-1073741131,-1073741132,-1073741133,-1073741134,-1073741135,-1073741136,-1073741137,-1073741138,-1073741139,-1073741140,564,565,566
2053,2054,2055,2056,2057,611,612,613,614,615,616,616,616,559,559,502,445,554,555,556,557,558,559,559,559,502,502,445,388,388,559,616,2085,383,384,385,386,387,388,328,329,330,331,-1073741143,-1073741144,-1073741145,-1073741146,-1073741147,-1073741148,-1073741149,-1073741150,-1073741151,-1073741152,-1073741153,-1073741154,-1073741155,-1073741156,-1073741157,-1073741158,-1073741159,-1073741160,-1073741161,-1073741162,-1073741163,-1073741164,-1073741165,-1073741166,-1073741167,-1073741168,-1073741169,-1073741170,-1073741171,-1073741172,-1073741173,-1073741174,-1073741175,-1073741176,-1073741177,1610612859,1610612916,1610612973,1610613030,1610613087,1610613144,1435,531,532,516,517,518,-1073741190,-1073741191,-1073741192,-1073741193,-1073741194,-1073741195,-1073741196,-1073741197,564,565,566
2110,2111,2112,2113,2114,2115,2116,611,612,613,614,615,616,616,616,559,502,611,612,613,614,615,616,616,616,559,559,502,445,445,616,2141,269,440,441,442,443,444,445,385,386,387,388,-1073741200,-1073741201,-1073741202,-1073741203,-1073741204,-1073741205,-1073741206,-1073741207,-1073741208,-1073741209,-1073741210,-1073741211,-1073741212,-1073741213,-1073741214,-1073741215,-1073741216,-1073741217,-1073741218,-1073741219,-1073741220,-1073741221,-1073741222,-1073741223,-1073741224,-1073741225,-1073741226,-1073741227,-1073741228,-1073741229,-1073741230,-1073741231,-1073741232,-1073741233,-1073741234,1610612858,1610612915,1610612972,1610613029,1610613086,1610613143,587,588,572,573,574,575,-1073741247,-1073741248,-1073741249,-1073741250,-1073741251,-1073741252,-1073741253,-1073741254,564,565,566
2167,2168,2169,2170,2171,2172,2173,2174,2175,611,612,613,614,615,616,616,559,502,445,611,612,613,614,615,616,616,616,559,502,502,2197,2198,326,497,498,499,500,501,502,442,443,444,445,-1073741257,-1073741258,-1073741259,-1073741260,-1073741261,-1073741262,-1073741263,-1073741264,-1073741265,-1073741266,-1073741267,-1073741268,-1073741269,-1073741270,-1073741271,-1073741272,-1073741273,-1073741274,-1073741275,479,-1073741277,-1073741278,-1073741279,-1073741280,-1073741281,-1073741282,-1073741283,-1073741284,-1073741285,538,-1073741287,-1073741288,-1073741289,-1073741290,-1073741291,1610612857,1610612914,1610612971,1610613028,1610613085,1610613142,1610613199,1610613256,629,630,631,632,518,518,-1073741306,-1073741307,-1073741308,-1073741309,-1073741310,-1073741311,564,565,566
2224,2225,2226,2227,2228,2229,2230,2231,2232,2233,611,612,613,614,615,616,616,559,502,445,388,611,612,613,614,615,616,616,559,559,2254,2255,383,554,555,556,557,558,559,499,500,501,502,-1073741314,-1073741315,-1073741316,-1073741317,-1073741318,-1073741319,-1073741320,-1073741321,-1073741322,-1073741323,-1073741324,-1073741325,-1073741326,-1073741327,-1073741328,-1073741329,-1073741330,-1073741331,543,-1073741333,-1073741334,-1073741335,-1073741336,-1073741337,-1073741338,-1073741339,-1073741340,-1073741341,-1073741342,-1073741343,-1073741344,479,-1073741346,-1073741347,-1073741348,1610612856,1610612913,1610612970,1610613027,1610613084,1610613141,1610613198,1610613255,686,687,688,689,575,575,518,518,-1073741365,-1073741366,-1073741367,-1073741368,564,565,566
2281,2282,2283,2284,2285,2286,2287,2288,2289,2290,2291,611,612,613,614,615,616,616,559,502,445,445,611,612,613,614,615,616,616,616,271,272,440,611,612,613,614,615,616,556,557,558,559,-1073741371,-1073741372,-1073741373,-1073741374,-1073741375,-1073741376,-1073741377,-1073741378,-1073741379,-1073741380,-1073741381,-1073741382,-1073741383,-1073741384,-1073741385,-1073741386,538,-1073741388,538,-1073741390,-1073741391,-1073741392,-1073741393,-1073741394,-1073741395,-1073741396,-1073741397,-1073741398,-1073741399,-1073741400,-1073741401,-1073741402,-1073741403,-1073741404,-1073741405,1610612855,1610612912,1610612969,1610613026,1610613083,1610613140,1610613197,1610613254,743,744,745,746,632,632,575,575,518,-1073741423,-1073741424,-1073741425,564,565,566
2338,2339,2340,2341,2342,2343,2344,2345,2346,2347,2348,2349,611,612,613,614,615,616,616,559,502,502,502,611,612,613,614,615,616,327,328,329,497,498,499,500,501,502,273,274,271,272,273,274,-1073741429,-1073741430,-1073741431,-1073741432,-1073741433,-1073741434,-1073741435,-1073741436,-1073741437,-1073741438,-1073741439,-1073741440,-1073741441,-1073741442,-1073741443,-1073741444,-1073741445,-1073741446,-1073741447,-1073741448,-1073741449,-1073741450,543,-1073741452,-1073741453,-1073741454,-1073741455,-1073741456,435,435,-1073741459,-1073741460,-1073741461,-1073741462,1610612854,1610612911,743,743,743,743,515,515,800,801,802,803,689,689,632,632,575,-1073741480,-1073741481,-1073741482,564,565,566
2395,2396,2397,2398,2399,2400,2401,2402,2403,2404,2405,2406,2407,611,612,613,614,615,616,616,559,559,559,559,559,559,2421,2422,383,384,385,386,554,555,556,557,558,559,330,331,328,329,330,331,-1073741486,-1073741487,-1073741488,-1073741489,-1073741490,-1073741491,-1073741492,-1073741493,-1073741494,-1073741495,-1073741496,-1073741497,-1073741498,-1073741499,-1073741500,-1073741501,-1073741502,-1073741503,-1073741504,-1073741505,-1073741506,-1073741507,-1073741508,-1073741509,-1073741510,-1073741511,543,-1073741513,-1073741514,-1073741515,-1073741516,-1073741517,-1073741518,-1073741519,515,515,515,515,515,515,572,572,857,858,859,860,746,746,689,689,632,-1073741537,-1073741538,-1073741539,564,565,566
2452,2453,2454,2455,2456,2457,2458,2459,2460,2461,2462,2463,2464,2465,611,612,613,614,615,616,616,616,616,616,616,616,2478,2479,440,441,442,443,611,612,613,614,615,616,387,388,385,386,387,388,269,270,271,272,273,274,-1073741549,-1073741550,-1073741551,-1073741552,-1073741553,-1073741554,-1073741555,-1073741556,-1073741557,-1073741558,-1073741559,-1073741560,-1073741561,-1073741562,543,-1073741564,-1073741565,-1073741566,-1073741567,-1073741568,-1073741569,-1073741570,-1073741571,-1073741572,-1073741573,-1073741574,-1073741575,-1073741576,572,572,572,572,572,572,629,629,857,858,859,860,803,803,746,746,689,-1073741594,-1073741595,-1073741596,564,565,566
2509,2510,2511,2512,2513,2514,2515,2516,2517,2518,2519,2520,2521,2522,2523,2524,2525,2526,2527,2528,2529,2530,2531,2532,2533,2534,2535,2536,497,498,499,500,501,502,501,502,444,445,444,445,442,443,444,445,326,327,328,329,330,331,-1073741606,-1073741607,-1073741608,-1073741609,-1073741610,-1073741611,-1073741612,-1073741613,-1073741614,-1073741615,-1073741616,-1073741617,-1073741618,-1073741619,-1073741620,-1073741621,-1073741622,-1073741623,-1073741624,-1073741625,-1073741626,-1073741627,-1073741628,-1073741629,-1073741630,-1073741631,-1073741632,-1073741633,629,629,629,629,629,629,686,686,857,858,859,860,860,860,803,803,746,-1073741651,-1073741652,-1073741653,564,565,566
2566,2567,2568,2569,2570,2571,2572,2573,2574,2575,2576,2577,2578,2579,2580,2581,2582,2583,2584,2585,2586,2587,2588,2589,2590,2591,2592,2593,554,555,556,557,558,559,558,559,501,502,501,502,499,500,501,502,383,384,385,386,387,388,-1073741663,-1073741664,-1073741665,-1073741666,-1073741667,-1073741668,-1073741669,-1073741670,-1073741671,-1073741672,-1073741673,-1073741674,-1073741675,-1073741676,-1073741677,-1073741678,-1073741679,-1073741680,-1073741681,435,-1073741683,-1073741684,543,-1073741686,-1073741687,-1073741688,-1073741689,-1073741690,686,686,686,686,686,686,743,743,743,743,857,858,859,860,860,860,803,-1073741708,-1073741709,-1073741710,564,565,566
2623,2624,2625,2626,2627,2628,2629,2630,2631,2632,2633,2634,2635,2636,2637,2638,2639,2640,2641,2642,2643,2644,2645,2646,2647,2648,2649,2650,611,612,613,614,615,616,615,616,558,559,558,559,556,557,558,559,440,441,442,443,444,445,-1073741720,-1073741721,-1073741722,-1073741723,-1073741724,-1073741725,-1073741726,-1073741727,-1073741728,-1073741729,-1073741730,-1073741731,-1073741732,-1073741733,-1073741734,-1073741735,-1073741736,-1073741737,-1073741738,-1073741739,-1073741740,-1073741741,-1073741742,-1073741743,-1073741744,-1073741745,-1073741746,-1073741747,743,743,743,743,743,743,800,800,800,800,800,800,857,858,859,860,860,-1073741765,-1073741766,-1073741767,564,565,566
2680,2681,2682,2683,2684,2685,2686,2687,2688,2689,2690,2691,2692,2693,2694,2695,2696,2697,2698,2699,2700,2701,2702,2703,2704,2705,2706,2707,2708,2709,2710,2711,611,612,613,614,615,616,615,616,613,614,615,616,497,498,499,500,501,502,-1073741777,-1073741778,-1073741779,-1073741780,-1073741781,-1073741782,-1073741783,-1073741784,-1073741785,-1073741786,-1073741787,-1073741788,-1073741789,-1073741790,-1073741791,-1073741792,-1073741793,-1073741794,-1073741795,-1073741796,-1073741797,-1073741798,-1073741799,-1073741800,-1073741801,-1073741802,-1073741803,-1073741804,800,800,800,800,800,800,857,857,857,857,857,857,857,858,859,860,-1073741821,-1073741822,-1073741823,-1073741824,564,565,566
2737,2738,2739,2740,2741,2742,2743,2744,2745,2746,2747,2748,2749,2750,2751,2752,2753,2754,2755,2756,2757,2758,2759,2760,2761,2762,2763,2764,2765,2766,2767,2768,2769,2770,2771,2772,2773,2774,2775,2776,2777,2778,2779,2780,554,555,556,557,558,559,2787,2788,2789,2790,2791,2737,2738,2739,2740,2741,2742,2743,2744,2745,2746,2747,2748,2749,2750,2751,2752,2753,2754,2755,2756,2757,2758,2759,857,857,857,857,857,857,857,858,859,860,2770,555,556,557,558,559,560,561,562,563,564,565,566
2794,2795,2796,2797,2798,2799,2800,2801,2802,2803,2804,2805,2806,2807,2808,2809,2810,2811,2812,2813,2814,2815,2816,2817,2818,2819,2820,2821,2822,2823,2824,2825,2826,2827,2828,2829,2830,2831,2832,2833,2834,2835,2836,2837,611,612,613,614,615,616,2844,2845,2846,2847,2848,2794,2795,2796,2797,2798,2799,2800,2801,2802,2803,2804,2805,2806,2807,2808,2809,2810,2811,2812,2813,2814,2815,2816,2817,2818,2819,2820,2821,2822,2823,2824,2825,2826,2827,555,556,557,558,559,560,561,562,563,564,565,566
